"","CD3","CD8","CD68","CD66b","CD20","SMA"
"L09",0.94172590638275,0.909447775208621,0.692147649183588,0.85791228726962,0.913582901599484,0.674458820902244
"L10",0.922480872588173,0.71259983684687,0.422512273707604,0.349269081788649,0.880056628448688,0.853949934450089
"L11",0.874384955219914,0.856939938694158,0.788400807877889,-0.0840636704474648,0.857320691421081,0.645712264158625
"L12",0.982291251691253,0.878450393282426,0.931229109093063,0.839312120298065,0.923573328664614,0.935821987800724
"L13",0.949078730956261,0.840814901048992,0.747642125671337,0.188545230286827,0.401102534898629,0.888784272042413
